opcode	handler	handler_symbol	confidence	schema	static_paths	name	variable_operands	uses	resources	first_site
0x01	0x4ddf	bin_handler_load_art	verified	z	z	load_art	-	264	AHAL.BIN,BHAL.BIN,BOSS.BIN,CHAL.BIN,COMBAT1.BIN,COMBAT2.BIN,COMBAT3.BIN,COMBAT4.BIN,COMBAT5.BIN,COMBAT6.BIN,COMBAT7.BIN,CP1.BIN,CP2.BIN,CP3.BIN,CULT.BIN,CW1.BIN,CW2.BIN,CW3.BIN,CW4.BIN,CW5.BIN,CW6.BIN,DENY.BIN,DHAL.BIN,DOME.BIN,EHAL.BIN,FACE.BIN,FEAR.BIN,FHAL.BIN,FIRST.BIN,GANTRY.BIN,GHAL.BIN,GHALB.BIN,GHALPL.BIN,GHALPR.BIN,GHALS.BIN,HOLE.BIN,HOLE1.BIN,INTRO.BIN,JELO.BIN,KABLAM.BIN,LAW.BIN,LOGO.BIN,MENU.BIN,NAGE.BIN,OUTA.BIN,OUTB.BIN,OUTC.BIN,OUTD.BIN,OUTE.BIN,OUTF.BIN,OUTGL.BIN,OUTGR.BIN,OVER.BIN,POWER.BIN,RICH.BIN,ROBOT.BIN,ROOM1.BIN,ROOM2.BIN,ROOM3.BIN,ROOM4.BIN,TITLE.BIN,WIN.BIN	LOGO.BIN@0x0008
0x02	0x4bbf	bin_handler_create_scene_thread	verified	BHHH	BHHH	create_scene_thread	-	303	AHAL.BIN,BHAL.BIN,BOSS.BIN,CHAL.BIN,COMBAT1.BIN,COMBAT2.BIN,COMBAT3.BIN,COMBAT4.BIN,COMBAT5.BIN,COMBAT6.BIN,COMBAT7.BIN,CP1.BIN,CP2.BIN,CP3.BIN,CULT.BIN,CW1.BIN,CW2.BIN,CW3.BIN,CW4.BIN,CW5.BIN,CW6.BIN,DENY.BIN,DHAL.BIN,DOME.BIN,EHAL.BIN,FACE.BIN,FEAR.BIN,FHAL.BIN,FIRST.BIN,GANTRY.BIN,GHAL.BIN,GHALB.BIN,GHALPL.BIN,GHALPR.BIN,GHALS.BIN,HOLE.BIN,HOLE1.BIN,INTRO.BIN,JELO.BIN,KABLAM.BIN,LAW.BIN,LOGO.BIN,MENU.BIN,NAGE.BIN,OUTA.BIN,OUTB.BIN,OUTC.BIN,OUTD.BIN,OUTE.BIN,OUTF.BIN,OUTGL.BIN,OUTGR.BIN,OVER.BIN,POWER.BIN,RICH.BIN,ROBOT.BIN,ROOM1.BIN,ROOM2.BIN,ROOM3.BIN,ROOM4.BIN,TITLE.BIN,WIN.BIN	LOGO.BIN@0x010a
0x03	0x4a5c	bin_handler_add_native_scale_display_object	verified	BBHHB	BBHHB	add_native_scale_display_object	-	0	-	-
0x04	0x4ad5	bin_handler_add_scaled_display_object	verified	BBHHHB	BBHHHB	add_scaled_display_object	-	219	BOSS.BIN,COMBAT6.BIN,CP1.BIN,CP3.BIN,CULT.BIN,CW1.BIN,CW2.BIN,CW3.BIN,CW4.BIN,CW5.BIN,CW6.BIN,DENY.BIN,DOME.BIN,FEAR.BIN,FIRST.BIN,GANTRY.BIN,GHAL.BIN,GHALPL.BIN,GHALPR.BIN,GHALS.BIN,HOLE.BIN,HOLE1.BIN,INTRO.BIN,JELO.BIN,LAW.BIN,NAGE.BIN,OUTA.BIN,OUTB.BIN,OUTC.BIN,OUTD.BIN,OUTE.BIN,OUTF.BIN,OVER.BIN,RICH.BIN,ROBOT.BIN,ROOM1.BIN,ROOM2.BIN,ROOM3.BIN,ROOM4.BIN	INTRO.BIN@0x0012
0x05	0x476d	bin_handler_return_minus_one	high	-	-	return_minus_one	-	291	AHAL.BIN,BHAL.BIN,BOSS.BIN,CHAL.BIN,COMBAT1.BIN,COMBAT2.BIN,COMBAT3.BIN,COMBAT4.BIN,COMBAT5.BIN,COMBAT6.BIN,COMBAT7.BIN,CP1.BIN,CP2.BIN,CP3.BIN,CULT.BIN,CW1.BIN,CW2.BIN,CW3.BIN,CW4.BIN,CW5.BIN,CW6.BIN,DENY.BIN,DHAL.BIN,DOME.BIN,EHAL.BIN,FACE.BIN,FEAR.BIN,FHAL.BIN,FIRST.BIN,GANTRY.BIN,GHAL.BIN,GHALB.BIN,GHALPL.BIN,GHALPR.BIN,GHALS.BIN,HOLE.BIN,HOLE1.BIN,INTRO.BIN,JELO.BIN,KABLAM.BIN,LAW.BIN,LOGO.BIN,MENU.BIN,NAGE.BIN,OUTA.BIN,OUTB.BIN,OUTC.BIN,OUTD.BIN,OUTE.BIN,OUTF.BIN,OUTGL.BIN,OUTGR.BIN,OVER.BIN,POWER.BIN,RICH.BIN,ROBOT.BIN,ROOM1.BIN,ROOM2.BIN,ROOM3.BIN,ROOM4.BIN,TITLE.BIN,WIN.BIN	LOGO.BIN@0x018b
0x06	0x4b5e	bin_handler_begin_animation_sequence	verified	H	H	begin_animation_sequence	-	843	AHAL.BIN,BHAL.BIN,BOSS.BIN,CHAL.BIN,COMBAT1.BIN,COMBAT2.BIN,COMBAT3.BIN,COMBAT4.BIN,COMBAT5.BIN,COMBAT6.BIN,COMBAT7.BIN,CP1.BIN,CP2.BIN,CP3.BIN,CULT.BIN,CW1.BIN,CW2.BIN,CW3.BIN,CW4.BIN,CW5.BIN,CW6.BIN,DENY.BIN,DHAL.BIN,DOME.BIN,EHAL.BIN,FACE.BIN,FEAR.BIN,FHAL.BIN,FIRST.BIN,GANTRY.BIN,GHAL.BIN,GHALB.BIN,GHALPL.BIN,GHALPR.BIN,GHALS.BIN,HOLE.BIN,HOLE1.BIN,JELO.BIN,KABLAM.BIN,LAW.BIN,LOGO.BIN,MENU.BIN,NAGE.BIN,OUTE.BIN,OUTGL.BIN,OUTGR.BIN,OVER.BIN,POWER.BIN,RICH.BIN,ROBOT.BIN,ROOM1.BIN,ROOM3.BIN,ROOM4.BIN,TITLE.BIN,WIN.BIN	LOGO.BIN@0x000e
0x07	0x4b56	bin_handler_animation_step	verified	9	9	animation_step	-	8727	AHAL.BIN,BHAL.BIN,BOSS.BIN,CHAL.BIN,COMBAT1.BIN,COMBAT2.BIN,COMBAT3.BIN,COMBAT4.BIN,COMBAT5.BIN,COMBAT6.BIN,COMBAT7.BIN,CP1.BIN,CP2.BIN,CP3.BIN,CULT.BIN,CW1.BIN,CW2.BIN,CW3.BIN,CW4.BIN,CW5.BIN,CW6.BIN,DENY.BIN,DHAL.BIN,DOME.BIN,EHAL.BIN,FACE.BIN,FEAR.BIN,FHAL.BIN,FIRST.BIN,GANTRY.BIN,GHAL.BIN,GHALB.BIN,GHALPL.BIN,GHALPR.BIN,GHALS.BIN,HOLE.BIN,HOLE1.BIN,JELO.BIN,KABLAM.BIN,LAW.BIN,LOGO.BIN,MENU.BIN,NAGE.BIN,OUTE.BIN,OUTGL.BIN,OUTGR.BIN,OVER.BIN,POWER.BIN,RICH.BIN,ROBOT.BIN,ROOM1.BIN,ROOM3.BIN,ROOM4.BIN,TITLE.BIN,WIN.BIN	LOGO.BIN@0x0011
0x08	0x4e27	bin_handler_start_animation	verified	BB	BB	start_animation	-	1217	AHAL.BIN,BHAL.BIN,BOSS.BIN,CHAL.BIN,COMBAT1.BIN,COMBAT2.BIN,COMBAT3.BIN,COMBAT4.BIN,COMBAT5.BIN,COMBAT6.BIN,COMBAT7.BIN,CP1.BIN,CP2.BIN,CP3.BIN,CULT.BIN,CW1.BIN,CW2.BIN,CW3.BIN,CW4.BIN,CW5.BIN,CW6.BIN,DENY.BIN,DHAL.BIN,DOME.BIN,EHAL.BIN,FACE.BIN,FEAR.BIN,FHAL.BIN,FIRST.BIN,GANTRY.BIN,GHAL.BIN,GHALB.BIN,GHALPL.BIN,GHALPR.BIN,GHALS.BIN,HOLE.BIN,HOLE1.BIN,JELO.BIN,KABLAM.BIN,LAW.BIN,LOGO.BIN,MENU.BIN,NAGE.BIN,OUTE.BIN,OUTGL.BIN,OUTGR.BIN,OVER.BIN,POWER.BIN,RICH.BIN,ROBOT.BIN,ROOM1.BIN,ROOM3.BIN,ROOM4.BIN,TITLE.BIN,WIN.BIN	LOGO.BIN@0x0159
0x09	0x4e64	bin_handler_stop_animation	verified	B	B	stop_animation	-	890	AHAL.BIN,BHAL.BIN,BOSS.BIN,CHAL.BIN,COMBAT1.BIN,COMBAT2.BIN,COMBAT3.BIN,COMBAT4.BIN,COMBAT5.BIN,COMBAT6.BIN,COMBAT7.BIN,CP1.BIN,CP2.BIN,CP3.BIN,CULT.BIN,CW1.BIN,CW2.BIN,CW3.BIN,CW4.BIN,CW5.BIN,CW6.BIN,DENY.BIN,DHAL.BIN,DOME.BIN,EHAL.BIN,FACE.BIN,FEAR.BIN,FHAL.BIN,GHAL.BIN,GHALB.BIN,GHALPL.BIN,GHALPR.BIN,GHALS.BIN,HOLE.BIN,JELO.BIN,KABLAM.BIN,LAW.BIN,LOGO.BIN,MENU.BIN,NAGE.BIN,OUTE.BIN,OUTGL.BIN,OUTGR.BIN,POWER.BIN,RICH.BIN,ROOM1.BIN,ROOM3.BIN,ROOM4.BIN,WIN.BIN	LOGO.BIN@0x01f1
0x0a	0x50a2	bin_handler_wait_for_scene_thread_movement	verified	-	-	wait_for_scene_thread_movement	-	142	AHAL.BIN,BHAL.BIN,CHAL.BIN,DHAL.BIN,EHAL.BIN,FHAL.BIN,GHAL.BIN,GHALB.BIN,GHALPL.BIN,GHALPR.BIN,GHALS.BIN,HOLE.BIN,HOLE1.BIN,LOGO.BIN,NAGE.BIN,OUTE.BIN,OUTGL.BIN,OUTGR.BIN	LOGO.BIN@0x01b7
0x0b	0x4dbe	bin_handler_add_navigation_edge	verified	BB	BB	add_navigation_edge	-	226	AHAL.BIN,BHAL.BIN,BOSS.BIN,CHAL.BIN,COMBAT1.BIN,COMBAT2.BIN,COMBAT3.BIN,COMBAT4.BIN,COMBAT5.BIN,COMBAT6.BIN,COMBAT7.BIN,CP1.BIN,CP2.BIN,CP3.BIN,CULT.BIN,CW1.BIN,CW2.BIN,CW3.BIN,CW4.BIN,CW5.BIN,CW6.BIN,DENY.BIN,DHAL.BIN,DOME.BIN,EHAL.BIN,FACE.BIN,FEAR.BIN,FHAL.BIN,FIRST.BIN,GANTRY.BIN,GHAL.BIN,GHALB.BIN,GHALPL.BIN,GHALPR.BIN,GHALS.BIN,HOLE.BIN,HOLE1.BIN,INTRO.BIN,JELO.BIN,KABLAM.BIN,LAW.BIN,LOGO.BIN,MENU.BIN,NAGE.BIN,OUTA.BIN,OUTB.BIN,OUTC.BIN,OUTD.BIN,OUTE.BIN,OUTF.BIN,OUTGL.BIN,OUTGR.BIN,OVER.BIN,POWER.BIN,RICH.BIN,ROBOT.BIN,ROOM1.BIN,ROOM2.BIN,ROOM3.BIN,ROOM4.BIN,TITLE.BIN,WIN.BIN	LOGO.BIN@0x0162
0x0c	0x4d4e	bin_handler_add_scene_entry	high	BBp	BBp	add_scene_entry	-	86	AHAL.BIN,BHAL.BIN,BOSS.BIN,CHAL.BIN,COMBAT1.BIN,COMBAT2.BIN,COMBAT3.BIN,COMBAT4.BIN,COMBAT5.BIN,COMBAT6.BIN,COMBAT7.BIN,CP1.BIN,CP2.BIN,CP3.BIN,CULT.BIN,CW1.BIN,CW2.BIN,CW3.BIN,CW4.BIN,CW5.BIN,CW6.BIN,DENY.BIN,DHAL.BIN,DOME.BIN,EHAL.BIN,FACE.BIN,FEAR.BIN,FHAL.BIN,FIRST.BIN,GANTRY.BIN,GHAL.BIN,GHALB.BIN,GHALPL.BIN,GHALPR.BIN,GHALS.BIN,HOLE.BIN,HOLE1.BIN,INTRO.BIN,JELO.BIN,KABLAM.BIN,LAW.BIN,LOGO.BIN,MENU.BIN,NAGE.BIN,OUTA.BIN,OUTB.BIN,OUTC.BIN,OUTD.BIN,OUTE.BIN,OUTF.BIN,OUTGL.BIN,OUTGR.BIN,OVER.BIN,POWER.BIN,RICH.BIN,ROBOT.BIN,ROOM1.BIN,ROOM2.BIN,ROOM3.BIN,ROOM4.BIN,TITLE.BIN,WIN.BIN	LOGO.BIN@0x017b
0x0d	0x4d82	bin_handler_change_scene	verified	zz	zz	change_scene	-	159	AHAL.BIN,BHAL.BIN,BOSS.BIN,CHAL.BIN,COMBAT1.BIN,COMBAT2.BIN,COMBAT3.BIN,COMBAT4.BIN,COMBAT5.BIN,COMBAT6.BIN,COMBAT7.BIN,CP1.BIN,CP2.BIN,CP3.BIN,CULT.BIN,CW1.BIN,CW2.BIN,CW3.BIN,CW4.BIN,CW5.BIN,CW6.BIN,DENY.BIN,DHAL.BIN,DOME.BIN,EHAL.BIN,FACE.BIN,FEAR.BIN,FHAL.BIN,FIRST.BIN,GANTRY.BIN,GHAL.BIN,GHALB.BIN,GHALPL.BIN,GHALPR.BIN,GHALS.BIN,HOLE.BIN,HOLE1.BIN,INTRO.BIN,JELO.BIN,KABLAM.BIN,LAW.BIN,LOGO.BIN,MENU.BIN,NAGE.BIN,OUTA.BIN,OUTB.BIN,OUTC.BIN,OUTD.BIN,OUTE.BIN,OUTF.BIN,OUTGL.BIN,OUTGR.BIN,POWER.BIN,RICH.BIN,ROBOT.BIN,ROOM1.BIN,ROOM2.BIN,ROOM3.BIN,ROOM4.BIN,TITLE.BIN	LOGO.BIN@0x0234
0x0e	0x4535	bin_handler_nop	verified	-	-	nop	-	0	-	-
0x0f	0x5089	bin_handler_adjust_thread_delay	high	H	H	adjust_thread_delay	-	728	AHAL.BIN,BHAL.BIN,BOSS.BIN,CHAL.BIN,COMBAT1.BIN,COMBAT2.BIN,COMBAT3.BIN,COMBAT4.BIN,COMBAT5.BIN,COMBAT6.BIN,COMBAT7.BIN,CP1.BIN,CP2.BIN,CP3.BIN,CULT.BIN,CW1.BIN,CW2.BIN,CW3.BIN,CW4.BIN,CW5.BIN,CW6.BIN,DENY.BIN,DHAL.BIN,DOME.BIN,EHAL.BIN,FACE.BIN,FEAR.BIN,FHAL.BIN,FIRST.BIN,GANTRY.BIN,GHAL.BIN,GHALB.BIN,GHALPL.BIN,GHALPR.BIN,GHALS.BIN,HOLE.BIN,HOLE1.BIN,INTRO.BIN,JELO.BIN,KABLAM.BIN,LAW.BIN,LOGO.BIN,MENU.BIN,NAGE.BIN,OUTE.BIN,OUTGL.BIN,OUTGR.BIN,OVER.BIN,POWER.BIN,RICH.BIN,ROBOT.BIN,ROOM1.BIN,ROOM2.BIN,ROOM3.BIN,ROOM4.BIN,TITLE.BIN,WIN.BIN	LOGO.BIN@0x01a3
0x10	0x4c61	bin_handler_configure_scene_thread_action	verified	BHHp	BHHp	configure_scene_thread_action	-	34	AHAL.BIN,CW1.BIN,CW2.BIN,CW3.BIN,CW4.BIN,CW5.BIN,CW6.BIN,FIRST.BIN,GHALPL.BIN,GHALPR.BIN,OUTA.BIN,OUTB.BIN,OUTC.BIN,OUTD.BIN,OUTF.BIN,OUTGL.BIN,OUTGR.BIN	FIRST.BIN@0x016d
0x11	0x4ee6	bin_handler_add_navigation_arrival_handler	verified	BHs	BH/BHH	add_navigation_arrival_handler	-	107	AHAL.BIN,BHAL.BIN,BOSS.BIN,CHAL.BIN,COMBAT1.BIN,COMBAT2.BIN,COMBAT3.BIN,COMBAT4.BIN,COMBAT5.BIN,COMBAT6.BIN,COMBAT7.BIN,CP1.BIN,CP2.BIN,CP3.BIN,CULT.BIN,CW1.BIN,CW2.BIN,CW3.BIN,CW4.BIN,CW5.BIN,CW6.BIN,DENY.BIN,DHAL.BIN,DOME.BIN,EHAL.BIN,FACE.BIN,FEAR.BIN,FHAL.BIN,FIRST.BIN,GANTRY.BIN,GHAL.BIN,GHALB.BIN,GHALPL.BIN,GHALPR.BIN,GHALS.BIN,HOLE.BIN,HOLE1.BIN,INTRO.BIN,JELO.BIN,KABLAM.BIN,LAW.BIN,LOGO.BIN,MENU.BIN,NAGE.BIN,OUTA.BIN,OUTB.BIN,OUTC.BIN,OUTD.BIN,OUTE.BIN,OUTF.BIN,OUTGL.BIN,OUTGR.BIN,OVER.BIN,POWER.BIN,RICH.BIN,ROBOT.BIN,ROOM1.BIN,ROOM2.BIN,ROOM3.BIN,ROOM4.BIN,TITLE.BIN,WIN.BIN	LOGO.BIN@0x0182
0x12	0x4fb0	bin_handler_add_navigation_departure_handler	verified	BHs	BH/BHH	add_navigation_departure_handler	-	10	BHAL.BIN,GHALPL.BIN,GHALPR.BIN,OUTGL.BIN,OUTGR.BIN	OUTGR.BIN@0x050f
0x13	0x51ff	bin_handler_remove_dialogue_choice	high	H	H	remove_dialogue_choice	-	0	-	-
0x14	0x52a3	bin_handler_show_dialogue	verified	p	-/p	show_adversary_dialogue	-	10	FACE.BIN	FACE.BIN@0x0827
0x15	0x5384	bin_handler_select_study_record	verified	B	B	select_study_record	-	102	AHAL.BIN,BHAL.BIN,CHAL.BIN,CP2.BIN,CP3.BIN,CULT.BIN,DENY.BIN,DHAL.BIN,EHAL.BIN,FEAR.BIN,FHAL.BIN,GHAL.BIN,JELO.BIN,LAW.BIN,NAGE.BIN,POWER.BIN,RICH.BIN,ROOM1.BIN,ROOM3.BIN	CP3.BIN@0x08e6
0x16	0x5543	bin_handler_set_palette_adjustment_range_from_variable	verified	HHH	HHH	set_palette_adjustment_range_from_variable	2	69	AHAL.BIN,BHAL.BIN,CHAL.BIN,CP2.BIN,CP3.BIN,DHAL.BIN,DOME.BIN,EHAL.BIN,FHAL.BIN,GHAL.BIN,GHALB.BIN,GHALS.BIN,INTRO.BIN,KABLAM.BIN,LOGO.BIN,NAGE.BIN,OUTE.BIN,TITLE.BIN,WIN.BIN	LOGO.BIN@0x0152
0x17	0x4f44	bin_handler_add_edge_transition_handler	verified	BHs	BH/BHH	add_reverse_edge_departure_handler	-	5	AHAL.BIN,FIRST.BIN	FIRST.BIN@0x019f
0x18	0x4f44	bin_handler_add_edge_transition_handler	verified	BHs	BH/BHH	add_forward_edge_departure_handler	-	0	-	-
0x19	0x4f44	bin_handler_add_edge_transition_handler	verified	BHs	BH/BHH	add_forward_edge_arrival_handler	-	6	GANTRY.BIN,OUTA.BIN,OUTB.BIN,OUTC.BIN,OUTD.BIN,OUTF.BIN	GANTRY.BIN@0x016a
0x1a	0x4f44	bin_handler_add_edge_transition_handler	verified	BHs	BH/BHH	add_reverse_edge_arrival_handler	-	18	CW1.BIN,CW2.BIN,CW3.BIN,CW4.BIN,CW5.BIN,CW6.BIN,GANTRY.BIN	GANTRY.BIN@0x016e
0x1b	0x500e	bin_handler_prime_primary_scene_thread_timer	medium	H	H	prime_primary_scene_thread_timer	-	0	-	-
0x1c	0x4cf3	bin_handler_enable_scene_thread_action	verified	B	B	enable_scene_thread_action	-	9	AHAL.BIN,GHALPL.BIN,GHALPR.BIN,OUTGL.BIN,OUTGR.BIN	OUTGR.BIN@0x05f4
0x1d	0x4d09	bin_handler_disable_scene_thread_action	verified	B	B	disable_scene_thread_action	-	80	AHAL.BIN,BHAL.BIN,BOSS.BIN,CHAL.BIN,COMBAT1.BIN,COMBAT2.BIN,COMBAT3.BIN,COMBAT4.BIN,COMBAT5.BIN,COMBAT6.BIN,COMBAT7.BIN,CP1.BIN,CP2.BIN,CP3.BIN,CULT.BIN,DENY.BIN,DHAL.BIN,EHAL.BIN,FACE.BIN,FEAR.BIN,FHAL.BIN,GHAL.BIN,GHALB.BIN,GHALPL.BIN,GHALPR.BIN,GHALS.BIN,JELO.BIN,LAW.BIN,LOGO.BIN,MENU.BIN,OUTE.BIN,OUTGL.BIN,OUTGR.BIN,OVER.BIN,POWER.BIN,RICH.BIN,ROOM1.BIN,ROOM2.BIN,ROOM3.BIN,ROOM4.BIN,TITLE.BIN	LOGO.BIN@0x0186
0x1e	0x4557	bin_handler_copy_variable	verified	HH	HH	copy_variable	0,1	63	AHAL.BIN,BHAL.BIN,CHAL.BIN,CP2.BIN,DHAL.BIN,EHAL.BIN,FHAL.BIN,GHAL.BIN,GHALB.BIN,GHALS.BIN,KABLAM.BIN,OUTE.BIN,OUTGL.BIN,OUTGR.BIN,POWER.BIN,ROOM3.BIN,ROOM4.BIN	KABLAM.BIN@0x028f
0x1f	0x4577	bin_handler_set_variable	verified	HH	HH	set_variable	1	733	AHAL.BIN,BHAL.BIN,CHAL.BIN,COMBAT1.BIN,COMBAT2.BIN,COMBAT3.BIN,COMBAT4.BIN,COMBAT5.BIN,COMBAT6.BIN,COMBAT7.BIN,CP1.BIN,CP2.BIN,CP3.BIN,CULT.BIN,CW1.BIN,CW2.BIN,CW3.BIN,CW4.BIN,CW5.BIN,CW6.BIN,DENY.BIN,DHAL.BIN,DOME.BIN,EHAL.BIN,FACE.BIN,FEAR.BIN,FHAL.BIN,FIRST.BIN,GANTRY.BIN,GHAL.BIN,GHALB.BIN,GHALPL.BIN,GHALPR.BIN,GHALS.BIN,INTRO.BIN,JELO.BIN,KABLAM.BIN,LAW.BIN,LOGO.BIN,MENU.BIN,NAGE.BIN,OUTA.BIN,OUTB.BIN,OUTC.BIN,OUTD.BIN,OUTE.BIN,OUTF.BIN,OUTGL.BIN,OUTGR.BIN,OVER.BIN,POWER.BIN,RICH.BIN,ROBOT.BIN,ROOM1.BIN,ROOM2.BIN,ROOM3.BIN,ROOM4.BIN,TITLE.BIN,WIN.BIN	LOGO.BIN@0x014d
0x20	0x458f	bin_handler_jump_if_zero	verified	HH	HH	jump_if_zero	0	99	AHAL.BIN,BHAL.BIN,CHAL.BIN,COMBAT1.BIN,COMBAT2.BIN,COMBAT3.BIN,COMBAT5.BIN,COMBAT6.BIN,COMBAT7.BIN,CP1.BIN,CP2.BIN,CULT.BIN,DENY.BIN,DHAL.BIN,EHAL.BIN,FEAR.BIN,FHAL.BIN,GHAL.BIN,GHALB.BIN,GHALS.BIN,JELO.BIN,LAW.BIN,NAGE.BIN,OUTGL.BIN,OUTGR.BIN,RICH.BIN,ROBOT.BIN,ROOM1.BIN,ROOM2.BIN,ROOM4.BIN	ROBOT.BIN@0x0482
0x21	0x4787	bin_handler_jump_if_nonzero	verified	HH	HH	jump_if_nonzero	0	67	COMBAT1.BIN,COMBAT2.BIN,COMBAT3.BIN,COMBAT4.BIN,COMBAT5.BIN,COMBAT6.BIN,COMBAT7.BIN,CP2.BIN,DOME.BIN,FHAL.BIN,GHALPL.BIN,GHALPR.BIN,INTRO.BIN,KABLAM.BIN,LOGO.BIN,OVER.BIN,ROOM2.BIN,ROOM4.BIN,TITLE.BIN,WIN.BIN	LOGO.BIN@0x01a9
0x22	0x47a7	bin_handler_jump_if_variables_equal	high	HHH	HHH	jump_if_variables_equal	0,1	7	OUTE.BIN	OUTE.BIN@0x1b6d
0x23	0x47da	bin_handler_jump_if_variable_equals	high	HHH	HHH	jump_if_variable_equals	0	479	AHAL.BIN,BHAL.BIN,CHAL.BIN,COMBAT1.BIN,COMBAT2.BIN,COMBAT3.BIN,COMBAT4.BIN,COMBAT5.BIN,COMBAT6.BIN,COMBAT7.BIN,CP1.BIN,CP2.BIN,CP3.BIN,CULT.BIN,DENY.BIN,DHAL.BIN,EHAL.BIN,FACE.BIN,FEAR.BIN,FHAL.BIN,GHAL.BIN,GHALB.BIN,GHALS.BIN,JELO.BIN,LAW.BIN,NAGE.BIN,OUTA.BIN,OUTB.BIN,OUTC.BIN,OUTD.BIN,OUTE.BIN,OUTF.BIN,OUTGL.BIN,POWER.BIN,RICH.BIN,ROOM1.BIN,ROOM2.BIN,ROOM3.BIN,ROOM4.BIN	FACE.BIN@0x07fc
0x24	0x47f8	bin_handler_jump_if_variables_not_equal	high	HHH	HHH	jump_if_variables_not_equal	0,1	1	ROOM3.BIN	ROOM3.BIN@0x0cc8
0x25	0x4827	bin_handler_jump_if_variable_not_equal	high	HHH	HHH	jump_if_variable_not_equal	0	28	AHAL.BIN,BHAL.BIN,COMBAT5.BIN,CP1.BIN,CP2.BIN,EHAL.BIN,INTRO.BIN,KABLAM.BIN,LOGO.BIN,NAGE.BIN,OUTE.BIN,OUTGL.BIN,ROOM1.BIN,ROOM2.BIN,TITLE.BIN	LOGO.BIN@0x01ea
0x26	0x4845	bin_handler_jump_if_variable_greater_than_variable	high	HHH	HHH	jump_if_variable_greater_than_variable	0,1	2	ROOM4.BIN	ROOM4.BIN@0x022c
0x27	0x4875	bin_handler_jump_if_variable_greater_than	high	HHH	HHH	jump_if_variable_greater_than	0	129	AHAL.BIN,BHAL.BIN,CHAL.BIN,COMBAT1.BIN,COMBAT2.BIN,COMBAT3.BIN,COMBAT4.BIN,COMBAT5.BIN,COMBAT7.BIN,DHAL.BIN,EHAL.BIN,FHAL.BIN,GHAL.BIN,GHALB.BIN,GHALS.BIN,KABLAM.BIN,LOGO.BIN,MENU.BIN,ROOM4.BIN	LOGO.BIN@0x01bd
0x28	0x4893	bin_handler_jump_if_variable_less_than_variable	high	HHH	HHH	jump_if_variable_less_than_variable	0,1	1	OUTE.BIN	OUTE.BIN@0x1b74
0x29	0x48c3	bin_handler_jump_if_variable_less_than	high	HHH	HHH	jump_if_variable_less_than	0	35	AHAL.BIN,BHAL.BIN,CHAL.BIN,COMBAT1.BIN,CP2.BIN,DHAL.BIN,EHAL.BIN,FEAR.BIN,FHAL.BIN,GHAL.BIN,GHALS.BIN,KABLAM.BIN,MENU.BIN,NAGE.BIN,ROOM4.BIN	KABLAM.BIN@0x0221
0x2a	0x48e1	bin_handler_add_variable	verified	HH	HH	add_variable	0,1	12	CP2.BIN,KABLAM.BIN,OUTE.BIN	KABLAM.BIN@0x0214
0x2b	0x4900	bin_handler_add_to_variable	verified	HH	HH	add_to_variable	1	38	AHAL.BIN,BHAL.BIN,CHAL.BIN,CP2.BIN,DHAL.BIN,EHAL.BIN,FHAL.BIN,GHAL.BIN,GHALB.BIN,GHALS.BIN,KABLAM.BIN,OUTGL.BIN,OUTGR.BIN,POWER.BIN,ROOM4.BIN	KABLAM.BIN@0x020f
0x2c	0x4957	bin_handler_subtract_variable	verified	HH	HH	subtract_variable	0,1	9	OUTE.BIN,OUTGL.BIN,OUTGR.BIN,ROOM4.BIN	ROOM4.BIN@0x052f
0x2d	0x4976	bin_handler_subtract_from_variable	verified	HH	HH	subtract_from_variable	1	18	CP2.BIN,EHAL.BIN,ROOM4.BIN	CP2.BIN@0x15d9
0x2e	0x4992	bin_handler_multiply_variables	high	HH	HH	multiply_variables	0,1	0	-	-
0x2f	0x49b7	bin_handler_multiply_variable	high	HH	HH	multiply_variable	1	10	CP2.BIN,OUTE.BIN,OUTGL.BIN,OUTGR.BIN,ROOM4.BIN	CP2.BIN@0x1122
0x30	0x49ca	bin_handler_divide_variables	high	HH	HH	divide_variables	0,1	0	-	-
0x31	0x49f1	bin_handler_divide_variable	high	HH	HH	divide_variable	1	6	OUTE.BIN,OUTGL.BIN,OUTGR.BIN,ROOM4.BIN	ROOM4.BIN@0x0525
0x32	0x4a08	bin_handler_increment_variable	verified	H	H	increment_variable	0	157	AHAL.BIN,BHAL.BIN,CHAL.BIN,COMBAT7.BIN,CP1.BIN,CULT.BIN,DENY.BIN,DHAL.BIN,DOME.BIN,EHAL.BIN,FEAR.BIN,FHAL.BIN,GHAL.BIN,GHALB.BIN,GHALPL.BIN,GHALS.BIN,INTRO.BIN,JELO.BIN,KABLAM.BIN,LAW.BIN,LOGO.BIN,NAGE.BIN,OUTE.BIN,ROOM1.BIN,ROOM2.BIN,ROOM3.BIN,ROOM4.BIN,TITLE.BIN,WIN.BIN	LOGO.BIN@0x01a6
0x33	0x4a1b	bin_handler_decrement_variable	verified	H	H	decrement_variable	0	146	AHAL.BIN,BHAL.BIN,CHAL.BIN,COMBAT1.BIN,COMBAT2.BIN,COMBAT3.BIN,COMBAT4.BIN,COMBAT5.BIN,COMBAT6.BIN,COMBAT7.BIN,CULT.BIN,DENY.BIN,DHAL.BIN,FEAR.BIN,FHAL.BIN,GHAL.BIN,GHALB.BIN,GHALPR.BIN,GHALS.BIN,INTRO.BIN,JELO.BIN,KABLAM.BIN,LAW.BIN,LOGO.BIN,NAGE.BIN,OUTE.BIN,OVER.BIN,ROOM1.BIN,ROOM2.BIN,ROOM3.BIN,ROOM4.BIN,TITLE.BIN	LOGO.BIN@0x01e7
0x34	0x470c	bin_handler_call	verified	H	H	call	-	995	AHAL.BIN,BHAL.BIN,CHAL.BIN,COMBAT1.BIN,COMBAT2.BIN,COMBAT3.BIN,COMBAT4.BIN,COMBAT5.BIN,COMBAT6.BIN,COMBAT7.BIN,CP1.BIN,CP2.BIN,CP3.BIN,CULT.BIN,DENY.BIN,DHAL.BIN,EHAL.BIN,FEAR.BIN,FHAL.BIN,GHAL.BIN,GHALB.BIN,GHALPL.BIN,GHALPR.BIN,GHALS.BIN,JELO.BIN,LAW.BIN,NAGE.BIN,OUTE.BIN,OUTGL.BIN,OUTGR.BIN,RICH.BIN,ROOM1.BIN,ROOM2.BIN,ROOM3.BIN,ROOM4.BIN,TITLE.BIN,WIN.BIN	WIN.BIN@0x06c0
0x35	0x4744	bin_handler_return	verified	-	-	return	-	399	AHAL.BIN,BHAL.BIN,CHAL.BIN,COMBAT1.BIN,COMBAT2.BIN,COMBAT3.BIN,COMBAT4.BIN,COMBAT5.BIN,COMBAT6.BIN,COMBAT7.BIN,CP1.BIN,CP2.BIN,CP3.BIN,CULT.BIN,DENY.BIN,DHAL.BIN,EHAL.BIN,FEAR.BIN,FHAL.BIN,GANTRY.BIN,GHAL.BIN,GHALB.BIN,GHALPL.BIN,GHALPR.BIN,GHALS.BIN,JELO.BIN,LAW.BIN,NAGE.BIN,OUTE.BIN,OUTGL.BIN,OUTGR.BIN,RICH.BIN,ROOM1.BIN,ROOM2.BIN,ROOM3.BIN,ROOM4.BIN,TITLE.BIN,WIN.BIN	WIN.BIN@0x06ec
0x36	0x501f	bin_handler_set_text_record_state	verified	B	B	set_text_record_state	-	26	AHAL.BIN,BHAL.BIN,CHAL.BIN,CP2.BIN,CULT.BIN,DHAL.BIN,EHAL.BIN,FACE.BIN,FHAL.BIN,GHAL.BIN,GHALS.BIN,ROOM3.BIN	FACE.BIN@0x07ae
0x37	0x5044	bin_handler_clear_text_record_state	verified	B	B	clear_text_record_state	-	0	-	-
0x38	0x4a2e	bin_handler_jump_if_text_record_set	verified	BH	BH	jump_if_text_record_set	-	9	AHAL.BIN,BHAL.BIN,CHAL.BIN,DHAL.BIN,EHAL.BIN,FHAL.BIN,GHAL.BIN,GHALS.BIN,ROOM3.BIN	ROOM3.BIN@0x0cc2
0x39	0x4a45	bin_handler_jump_if_text_record_clear	verified	BH	BH	jump_if_text_record_clear	-	0	-	-
0x3a	0x4c96	bin_handler_add_action_target	verified	HHHp	HHHp	add_action_target	-	132	AHAL.BIN,BHAL.BIN,CHAL.BIN,COMBAT1.BIN,COMBAT2.BIN,COMBAT3.BIN,COMBAT4.BIN,COMBAT5.BIN,COMBAT6.BIN,COMBAT7.BIN,CP2.BIN,DHAL.BIN,EHAL.BIN,FHAL.BIN,GHAL.BIN,GHALB.BIN,GHALPL.BIN,GHALPR.BIN,GHALS.BIN,OUTE.BIN,OUTGL.BIN,OUTGR.BIN	CP2.BIN@0x1000
0x3b	0x4d1e	bin_handler_enable_action_target	verified	B	B	enable_action_target	-	185	AHAL.BIN,BHAL.BIN,CHAL.BIN,COMBAT1.BIN,COMBAT2.BIN,COMBAT3.BIN,COMBAT4.BIN,COMBAT5.BIN,COMBAT6.BIN,COMBAT7.BIN,CP2.BIN,DHAL.BIN,EHAL.BIN,FHAL.BIN,GHAL.BIN,GHALB.BIN,GHALPL.BIN,GHALPR.BIN,GHALS.BIN,OUTE.BIN,OUTGL.BIN,OUTGR.BIN	CP2.BIN@0x10f4
0x3c	0x4d36	bin_handler_disable_action_target	verified	B	B	disable_action_target	-	314	AHAL.BIN,BHAL.BIN,CHAL.BIN,COMBAT1.BIN,COMBAT2.BIN,COMBAT3.BIN,COMBAT4.BIN,COMBAT5.BIN,COMBAT6.BIN,COMBAT7.BIN,CP2.BIN,DHAL.BIN,EHAL.BIN,FHAL.BIN,GHAL.BIN,GHALB.BIN,GHALS.BIN,OUTE.BIN	CP2.BIN@0x1147
0x3d	0x4703	bin_handler_jump	verified	H	H	jump	-	849	AHAL.BIN,BHAL.BIN,BOSS.BIN,CHAL.BIN,COMBAT1.BIN,COMBAT2.BIN,COMBAT3.BIN,COMBAT4.BIN,COMBAT5.BIN,COMBAT6.BIN,COMBAT7.BIN,CP1.BIN,CP2.BIN,CP3.BIN,CULT.BIN,CW1.BIN,CW2.BIN,CW3.BIN,CW4.BIN,CW5.BIN,CW6.BIN,DENY.BIN,DHAL.BIN,DOME.BIN,EHAL.BIN,FACE.BIN,FEAR.BIN,FHAL.BIN,FIRST.BIN,GANTRY.BIN,GHAL.BIN,GHALB.BIN,GHALPL.BIN,GHALPR.BIN,GHALS.BIN,HOLE.BIN,HOLE1.BIN,INTRO.BIN,JELO.BIN,KABLAM.BIN,LAW.BIN,LOGO.BIN,MENU.BIN,NAGE.BIN,OUTA.BIN,OUTB.BIN,OUTC.BIN,OUTD.BIN,OUTE.BIN,OUTF.BIN,OUTGL.BIN,OUTGR.BIN,POWER.BIN,RICH.BIN,ROBOT.BIN,ROOM1.BIN,ROOM2.BIN,ROOM3.BIN,ROOM4.BIN,TITLE.BIN,WIN.BIN	LOGO.BIN@0x0255
0x3e	0x505c	bin_handler_start_scene_thread_at	verified	BH	BH	start_scene_thread_at	-	118	AHAL.BIN,BHAL.BIN,COMBAT1.BIN,COMBAT2.BIN,COMBAT3.BIN,COMBAT4.BIN,COMBAT5.BIN,COMBAT6.BIN,COMBAT7.BIN,CP2.BIN,CP3.BIN,CULT.BIN,DENY.BIN,DHAL.BIN,FACE.BIN,FEAR.BIN,FHAL.BIN,GHALPL.BIN,GHALPR.BIN,HOLE.BIN,HOLE1.BIN,INTRO.BIN,KABLAM.BIN,LAW.BIN,LOGO.BIN,NAGE.BIN,OUTE.BIN,OUTGL.BIN,OUTGR.BIN,POWER.BIN,ROBOT.BIN,ROOM1.BIN,ROOM2.BIN,ROOM4.BIN,TITLE.BIN,WIN.BIN	LOGO.BIN@0x0192
0x3f	0x50cf	bin_handler_wait_for_animation	high	B	B	wait_for_animation	-	313	AHAL.BIN,BHAL.BIN,CHAL.BIN,COMBAT1.BIN,COMBAT2.BIN,COMBAT3.BIN,COMBAT4.BIN,COMBAT5.BIN,COMBAT6.BIN,COMBAT7.BIN,CP2.BIN,CP3.BIN,CULT.BIN,CW1.BIN,CW2.BIN,CW3.BIN,CW4.BIN,CW5.BIN,CW6.BIN,DENY.BIN,DHAL.BIN,DOME.BIN,EHAL.BIN,FACE.BIN,FEAR.BIN,FHAL.BIN,FIRST.BIN,GANTRY.BIN,GHAL.BIN,GHALB.BIN,GHALPL.BIN,GHALPR.BIN,GHALS.BIN,HOLE.BIN,JELO.BIN,LAW.BIN,NAGE.BIN,OUTE.BIN,OUTGL.BIN,OUTGR.BIN,OVER.BIN,RICH.BIN,ROBOT.BIN,ROOM1.BIN,ROOM3.BIN,ROOM4.BIN,WIN.BIN	OVER.BIN@0x02bd
0x40	0x5179	bin_handler_set_scene_thread_motion_state	verified	B	B	set_scene_thread_motion_state	-	24	AHAL.BIN,BHAL.BIN,CHAL.BIN,DHAL.BIN,EHAL.BIN,FHAL.BIN,GHAL.BIN,GHALPL.BIN,GHALPR.BIN,GHALS.BIN,HOLE.BIN,HOLE1.BIN,OUTE.BIN,OUTGL.BIN,OUTGR.BIN	HOLE1.BIN@0x01d7
0x41	0x519f	bin_handler_enable_action_selection	high	-	-	enable_action_selection	-	118	AHAL.BIN,BHAL.BIN,CHAL.BIN,COMBAT1.BIN,COMBAT2.BIN,COMBAT3.BIN,COMBAT4.BIN,COMBAT5.BIN,COMBAT6.BIN,COMBAT7.BIN,CP2.BIN,CW1.BIN,CW2.BIN,CW3.BIN,CW4.BIN,CW5.BIN,CW6.BIN,DHAL.BIN,EHAL.BIN,FHAL.BIN,FIRST.BIN,GHAL.BIN,GHALB.BIN,GHALPL.BIN,GHALPR.BIN,GHALS.BIN,OUTE.BIN,OUTGL.BIN,OUTGR.BIN,POWER.BIN,ROOM2.BIN,WIN.BIN	WIN.BIN@0x06bb
0x42	0x51a8	bin_handler_disable_action_selection	high	-	-	disable_action_selection	-	192	AHAL.BIN,BHAL.BIN,BOSS.BIN,CHAL.BIN,COMBAT1.BIN,COMBAT2.BIN,COMBAT3.BIN,COMBAT4.BIN,COMBAT5.BIN,COMBAT6.BIN,COMBAT7.BIN,CP1.BIN,CP2.BIN,CP3.BIN,CULT.BIN,CW1.BIN,CW2.BIN,CW3.BIN,CW4.BIN,CW5.BIN,CW6.BIN,DENY.BIN,DHAL.BIN,DOME.BIN,EHAL.BIN,FACE.BIN,FEAR.BIN,FHAL.BIN,FIRST.BIN,GHAL.BIN,GHALB.BIN,GHALPL.BIN,GHALPR.BIN,GHALS.BIN,HOLE.BIN,HOLE1.BIN,INTRO.BIN,JELO.BIN,KABLAM.BIN,LAW.BIN,LOGO.BIN,MENU.BIN,OUTE.BIN,OUTGL.BIN,OUTGR.BIN,OVER.BIN,POWER.BIN,RICH.BIN,ROBOT.BIN,ROOM1.BIN,ROOM2.BIN,ROOM3.BIN,ROOM4.BIN,TITLE.BIN,WIN.BIN	LOGO.BIN@0x018a
0x43	0x4ad5	bin_handler_add_scaled_display_object	verified	BBHHHB	BBHHHB	add_scaled_display_object	-	375	AHAL.BIN,BHAL.BIN,CHAL.BIN,COMBAT1.BIN,COMBAT2.BIN,COMBAT3.BIN,COMBAT6.BIN,CP1.BIN,CP2.BIN,CP3.BIN,CULT.BIN,DENY.BIN,DHAL.BIN,DOME.BIN,EHAL.BIN,FEAR.BIN,FHAL.BIN,FIRST.BIN,GANTRY.BIN,GHAL.BIN,GHALB.BIN,GHALPL.BIN,GHALPR.BIN,GHALS.BIN,HOLE.BIN,HOLE1.BIN,JELO.BIN,KABLAM.BIN,LAW.BIN,LOGO.BIN,MENU.BIN,NAGE.BIN,OUTA.BIN,OUTB.BIN,OUTC.BIN,OUTD.BIN,OUTE.BIN,OUTF.BIN,OUTGL.BIN,OUTGR.BIN,RICH.BIN,ROOM3.BIN,WIN.BIN	LOGO.BIN@0x0122
0x44	0x51c6	bin_handler_add_dialogue_choice	verified	Hp	Hp	add_dialogue_choice	-	40	BOSS.BIN,CULT.BIN,LAW.BIN,NAGE.BIN,ROOM2.BIN,ROOM3.BIN	NAGE.BIN@0x121d
0x45	0x51b7	bin_handler_clear_dialogue_choices	verified	-	-	clear_dialogue_choices	-	11	BOSS.BIN,CULT.BIN,LAW.BIN,NAGE.BIN,ROOM2.BIN,ROOM3.BIN	NAGE.BIN@0x030c
0x46	0x5257	bin_handler_present_dialogue_choices	verified	-	-	present_dialogue_choices	-	14	BOSS.BIN,CULT.BIN,FEAR.BIN,LAW.BIN,NAGE.BIN,ROOM2.BIN,ROOM3.BIN	NAGE.BIN@0x1232
0x47	0x5346	bin_handler_set_modal_menu_selection	medium	B	B	set_modal_menu_selection	-	0	-	-
0x48	0x52a3	bin_handler_show_dialogue	verified	p	-/p	show_character_dialogue	-	306	BOSS.BIN,CP1.BIN,CP2.BIN,CP3.BIN,CULT.BIN,DENY.BIN,FEAR.BIN,JELO.BIN,LAW.BIN,NAGE.BIN,RICH.BIN,ROOM3.BIN	CP3.BIN@0x081f
0x49	0x5351	bin_handler_request_study_bible	verified	-	-	request_study_bible	-	90	AHAL.BIN,BHAL.BIN,CHAL.BIN,CP2.BIN,CP3.BIN,CULT.BIN,DENY.BIN,DHAL.BIN,EHAL.BIN,FEAR.BIN,FHAL.BIN,GHAL.BIN,JELO.BIN,LAW.BIN,NAGE.BIN,POWER.BIN,RICH.BIN,ROOM1.BIN,ROOM2.BIN	CP3.BIN@0x08f7
0x4a	0x4535	bin_handler_nop	verified	-	-	nop	-	0	-	-
0x4b	0x4535	bin_handler_nop	verified	-	-	nop	-	0	-	-
0x4c	0x53cc	bin_handler_fill_screen	verified	B	B	fill_screen	-	61	AHAL.BIN,BHAL.BIN,BOSS.BIN,CHAL.BIN,COMBAT1.BIN,COMBAT2.BIN,COMBAT3.BIN,COMBAT4.BIN,COMBAT5.BIN,COMBAT6.BIN,COMBAT7.BIN,CP1.BIN,CP2.BIN,CP3.BIN,CULT.BIN,CW1.BIN,CW2.BIN,CW3.BIN,CW4.BIN,CW5.BIN,CW6.BIN,DENY.BIN,DHAL.BIN,DOME.BIN,EHAL.BIN,FACE.BIN,FEAR.BIN,FHAL.BIN,FIRST.BIN,GANTRY.BIN,GHAL.BIN,GHALB.BIN,GHALPL.BIN,GHALPR.BIN,GHALS.BIN,HOLE.BIN,HOLE1.BIN,INTRO.BIN,JELO.BIN,KABLAM.BIN,LAW.BIN,LOGO.BIN,MENU.BIN,NAGE.BIN,OUTA.BIN,OUTB.BIN,OUTC.BIN,OUTD.BIN,OUTE.BIN,OUTF.BIN,OUTGL.BIN,OUTGR.BIN,OVER.BIN,POWER.BIN,RICH.BIN,ROBOT.BIN,ROOM1.BIN,ROOM2.BIN,ROOM3.BIN,TITLE.BIN,WIN.BIN	LOGO.BIN@0x0000
0x4d	0x5405	bin_handler_load_palette	verified	z	z	load_palette	-	62	AHAL.BIN,BHAL.BIN,BOSS.BIN,CHAL.BIN,COMBAT1.BIN,COMBAT2.BIN,COMBAT3.BIN,COMBAT4.BIN,COMBAT5.BIN,COMBAT6.BIN,COMBAT7.BIN,CP1.BIN,CP2.BIN,CP3.BIN,CULT.BIN,CW1.BIN,CW2.BIN,CW3.BIN,CW4.BIN,CW5.BIN,CW6.BIN,DENY.BIN,DHAL.BIN,DOME.BIN,EHAL.BIN,FACE.BIN,FEAR.BIN,FHAL.BIN,FIRST.BIN,GANTRY.BIN,GHAL.BIN,GHALB.BIN,GHALPL.BIN,GHALPR.BIN,GHALS.BIN,HOLE.BIN,HOLE1.BIN,INTRO.BIN,JELO.BIN,KABLAM.BIN,LAW.BIN,LOGO.BIN,MENU.BIN,NAGE.BIN,OUTA.BIN,OUTB.BIN,OUTC.BIN,OUTD.BIN,OUTE.BIN,OUTF.BIN,OUTGL.BIN,OUTGR.BIN,OVER.BIN,POWER.BIN,RICH.BIN,ROBOT.BIN,ROOM1.BIN,ROOM2.BIN,ROOM3.BIN,ROOM4.BIN,TITLE.BIN,WIN.BIN	LOGO.BIN@0x0002
0x4e	0x52a3	bin_handler_show_dialogue	verified	p	-/p	show_captain_bible_dialogue	-	281	AHAL.BIN,BHAL.BIN,BOSS.BIN,CHAL.BIN,CP1.BIN,CP2.BIN,CP3.BIN,CULT.BIN,DENY.BIN,DHAL.BIN,EHAL.BIN,FACE.BIN,FEAR.BIN,FHAL.BIN,GHAL.BIN,GHALS.BIN,JELO.BIN,LAW.BIN,MENU.BIN,NAGE.BIN,POWER.BIN,RICH.BIN,ROOM1.BIN,ROOM2.BIN,ROOM3.BIN	FACE.BIN@0x085c
0x4f	0x5368	bin_handler_configure_study_navigation_success	verified	BB	BB	configure_study_navigation_success	-	0	-	-
0x50	0x53bd	bin_handler_clear_study_record_selection	high	-	-	clear_study_record_selection	-	0	-	-
0x51	0x539b	bin_handler_configure_study_thread_success	verified	BHB	BHB	configure_study_thread_success	-	5	ROOM2.BIN	ROOM2.BIN@0x02ce
0x52	0x5426	bin_handler_play_music	verified	B	B	play_music	-	199	AHAL.BIN,BHAL.BIN,BOSS.BIN,CHAL.BIN,COMBAT1.BIN,COMBAT2.BIN,COMBAT3.BIN,COMBAT4.BIN,COMBAT5.BIN,COMBAT6.BIN,COMBAT7.BIN,CP1.BIN,CP2.BIN,CP3.BIN,CULT.BIN,CW1.BIN,CW2.BIN,CW3.BIN,CW4.BIN,CW5.BIN,CW6.BIN,DENY.BIN,DHAL.BIN,DOME.BIN,EHAL.BIN,FACE.BIN,FEAR.BIN,FHAL.BIN,FIRST.BIN,GANTRY.BIN,GHAL.BIN,GHALB.BIN,GHALPL.BIN,GHALPR.BIN,GHALS.BIN,HOLE.BIN,HOLE1.BIN,INTRO.BIN,JELO.BIN,KABLAM.BIN,LAW.BIN,MENU.BIN,NAGE.BIN,OUTA.BIN,OUTB.BIN,OUTC.BIN,OUTD.BIN,OUTE.BIN,OUTF.BIN,OUTGL.BIN,OUTGR.BIN,OVER.BIN,POWER.BIN,RICH.BIN,ROBOT.BIN,ROOM1.BIN,ROOM2.BIN,ROOM3.BIN,ROOM4.BIN,TITLE.BIN,WIN.BIN	INTRO.BIN@0x001d
0x53	0x5440	bin_handler_set_scene_thread_origin	verified	B	B	set_scene_thread_origin	-	101	AHAL.BIN,BHAL.BIN,CHAL.BIN,DHAL.BIN,EHAL.BIN,FHAL.BIN,GHAL.BIN,GHALB.BIN,GHALPL.BIN,GHALPR.BIN,GHALS.BIN,HOLE.BIN,HOLE1.BIN,LOGO.BIN,OUTE.BIN,OUTGL.BIN,OUTGR.BIN	LOGO.BIN@0x019a
0x54	0x5468	bin_handler_move_scene_thread_to	verified	B	B	move_scene_thread_to	-	226	AHAL.BIN,BHAL.BIN,CHAL.BIN,CW1.BIN,CW2.BIN,CW3.BIN,CW4.BIN,CW5.BIN,CW6.BIN,DHAL.BIN,EHAL.BIN,FHAL.BIN,GANTRY.BIN,GHAL.BIN,GHALB.BIN,GHALPL.BIN,GHALPR.BIN,GHALS.BIN,HOLE.BIN,HOLE1.BIN,LOGO.BIN,NAGE.BIN,OUTE.BIN,OUTGL.BIN,OUTGR.BIN	LOGO.BIN@0x01b5
0x55	0x5487	bin_handler_snapshot_state	verified	-	-	snapshot_state	-	16	CP2.BIN,DOME.BIN,HOLE.BIN,HOLE1.BIN,INTRO.BIN,MENU.BIN,OUTA.BIN,OUTB.BIN,OUTC.BIN,OUTD.BIN,OUTE.BIN,OUTF.BIN,OUTGL.BIN,ROBOT.BIN,ROOM2.BIN	INTRO.BIN@0x001c
0x56	0x4535	bin_handler_nop	verified	-	-	nop	-	0	-	-
0x57	0x548d	bin_handler_play_sound_effect	verified	BH	BH	play_sound_effect	-	223	AHAL.BIN,BHAL.BIN,CHAL.BIN,COMBAT1.BIN,COMBAT2.BIN,COMBAT3.BIN,COMBAT4.BIN,COMBAT5.BIN,COMBAT6.BIN,COMBAT7.BIN,CP1.BIN,CP2.BIN,CP3.BIN,CULT.BIN,CW1.BIN,CW2.BIN,CW3.BIN,CW4.BIN,CW5.BIN,CW6.BIN,DENY.BIN,DHAL.BIN,DOME.BIN,EHAL.BIN,FACE.BIN,FEAR.BIN,FHAL.BIN,FIRST.BIN,GHAL.BIN,GHALB.BIN,GHALPL.BIN,GHALPR.BIN,GHALS.BIN,HOLE.BIN,HOLE1.BIN,JELO.BIN,KABLAM.BIN,LAW.BIN,LOGO.BIN,NAGE.BIN,OUTE.BIN,OUTGL.BIN,OUTGR.BIN,POWER.BIN,RICH.BIN,ROBOT.BIN,ROOM1.BIN,ROOM2.BIN,ROOM3.BIN,ROOM4.BIN	LOGO.BIN@0x018c
0x58	0x54a5	bin_handler_stop_sound_effect	verified	-	-	stop_sound_effect	-	253	AHAL.BIN,BHAL.BIN,CHAL.BIN,COMBAT1.BIN,COMBAT2.BIN,COMBAT3.BIN,COMBAT4.BIN,COMBAT5.BIN,COMBAT6.BIN,COMBAT7.BIN,CP1.BIN,CP2.BIN,CP3.BIN,CULT.BIN,CW1.BIN,CW2.BIN,CW3.BIN,CW4.BIN,CW5.BIN,CW6.BIN,DENY.BIN,DHAL.BIN,DOME.BIN,EHAL.BIN,FACE.BIN,FEAR.BIN,FHAL.BIN,FIRST.BIN,GHAL.BIN,GHALPL.BIN,GHALPR.BIN,GHALS.BIN,HOLE.BIN,HOLE1.BIN,JELO.BIN,KABLAM.BIN,LAW.BIN,LOGO.BIN,NAGE.BIN,OUTE.BIN,OUTGL.BIN,OUTGR.BIN,POWER.BIN,RICH.BIN,ROBOT.BIN,ROOM1.BIN,ROOM2.BIN,ROOM3.BIN,ROOM4.BIN	LOGO.BIN@0x0190
0x59	0x511e	bin_handler_wait_for_sound_effect	high	-	-	wait_for_sound_effect	-	51	COMBAT1.BIN,COMBAT2.BIN,COMBAT4.BIN,COMBAT5.BIN,COMBAT6.BIN,COMBAT7.BIN,CP1.BIN,CP2.BIN,CP3.BIN,CULT.BIN,DOME.BIN,FIRST.BIN,HOLE.BIN,HOLE1.BIN,KABLAM.BIN,POWER.BIN,ROOM1.BIN,ROOM3.BIN	KABLAM.BIN@0x01eb
0x5a	0x514d	bin_handler_jump_if_digital_audio_fallback	high	H	H	jump_if_digital_audio_fallback	-	11	FIRST.BIN,GHALPL.BIN,GHALPR.BIN,HOLE.BIN,HOLE1.BIN,OUTGL.BIN,OUTGR.BIN	FIRST.BIN@0x01d2
0x5b	0x54dc	bin_handler_set_scene_thread_direction	verified	B	B	set_scene_thread_direction	-	159	AHAL.BIN,BHAL.BIN,CHAL.BIN,DHAL.BIN,EHAL.BIN,FHAL.BIN,FIRST.BIN,GHAL.BIN,GHALB.BIN,GHALPL.BIN,GHALPR.BIN,GHALS.BIN,HOLE.BIN,HOLE1.BIN,LOGO.BIN,NAGE.BIN,OUTE.BIN,OUTGL.BIN,OUTGR.BIN	LOGO.BIN@0x01c4
0x5c	0x5504	bin_handler_configure_captain_bible_dialogue	verified	BBB	BBB	configure_captain_bible_dialogue	-	31	AHAL.BIN,BHAL.BIN,BOSS.BIN,CHAL.BIN,CP1.BIN,CP2.BIN,CP3.BIN,CULT.BIN,DENY.BIN,DHAL.BIN,DOME.BIN,EHAL.BIN,FACE.BIN,FEAR.BIN,FHAL.BIN,GHAL.BIN,GHALB.BIN,GHALS.BIN,JELO.BIN,LAW.BIN,MENU.BIN,NAGE.BIN,OVER.BIN,POWER.BIN,RICH.BIN,ROOM1.BIN,ROOM2.BIN,ROOM3.BIN	OVER.BIN@0x0283
0x5d	0x551f	bin_handler_configure_character_dialogue	verified	BBB	BBB	configure_character_dialogue	-	15	BOSS.BIN,CP1.BIN,CP2.BIN,CP3.BIN,CULT.BIN,DENY.BIN,FACE.BIN,FEAR.BIN,JELO.BIN,LAW.BIN,NAGE.BIN,RICH.BIN,ROOM3.BIN	FACE.BIN@0x07ef
0x5e	0x553a	bin_handler_set_deferred_scene_thread_target	high	H	H	set_deferred_scene_thread_target	-	0	-	-
0x5f	0x4e3d	bin_handler_start_linked_animation	verified	BBB	BBB	start_linked_animation	-	156	COMBAT2.BIN,COMBAT3.BIN,COMBAT5.BIN,COMBAT7.BIN,CP2.BIN,CULT.BIN,DENY.BIN,FEAR.BIN,GHALPL.BIN,GHALPR.BIN,OUTGL.BIN,OUTGR.BIN,ROBOT.BIN,ROOM1.BIN,ROOM4.BIN	ROBOT.BIN@0x045f
0x60	0x4535	bin_handler_nop	verified	-	-	nop	-	16	COMBAT1.BIN,COMBAT2.BIN,COMBAT3.BIN,COMBAT4.BIN,COMBAT5.BIN,COMBAT6.BIN,COMBAT7.BIN,CULT.BIN,DENY.BIN,FEAR.BIN,JELO.BIN,LAW.BIN,RICH.BIN,ROOM1.BIN,ROOM2.BIN,ROOM3.BIN	DENY.BIN@0x0000
0x61	0x5074	bin_handler_stop_scene_thread	high	B	B	stop_scene_thread	-	29	COMBAT1.BIN,COMBAT2.BIN,COMBAT5.BIN,COMBAT6.BIN,COMBAT7.BIN,CP2.BIN,CULT.BIN,DENY.BIN,DOME.BIN,FEAR.BIN,FHAL.BIN,HOLE.BIN,LAW.BIN,NAGE.BIN	CP2.BIN@0x1460
0x62	0x556e	bin_handler_store_mouse_x	verified	H	H	store_mouse_x	0	3	MENU.BIN,ROOM4.BIN	MENU.BIN@0x0108
0x63	0x5580	bin_handler_store_mouse_y	verified	H	H	store_mouse_y	0	1	MENU.BIN	MENU.BIN@0x010b
0x64	0x5592	bin_handler_jump_if_confirm_pressed	verified	H	H	jump_if_confirm_pressed	-	9	INTRO.BIN,LOGO.BIN,MENU.BIN,OVER.BIN,TITLE.BIN	LOGO.BIN@0x024f
0x65	0x55ba	bin_handler_clear_display_object_frames	verified	BB	BB	clear_display_object_frames	-	0	-	-
0x66	0x561c	bin_handler_advance_display_object_frames	verified	BBBB	BBBB	advance_display_object_frames	-	0	-	-
0x67	0x580e	bin_handler_request_restore_saved_game	verified	-	-	request_restore_saved_game	-	1	OVER.BIN	OVER.BIN@0x02d4
0x68	0x56c2	bin_handler_adjust_variable_1280_once	verified	H	H	adjust_variable_1280_once	0	2	CP2.BIN	CP2.BIN@0x16bb
0x69	0x56f4	bin_handler_load_bin_word	verified	HH	HH	load_bin_word	1	11	CP2.BIN,ROOM4.BIN	CP2.BIN@0x15d4
0x6a	0x5764	bin_handler_patch_bin_word_from_variable	verified	HH	HH	patch_bin_word_from_variable	1	25	CP2.BIN,KABLAM.BIN,OUTGL.BIN,OUTGR.BIN,ROOM4.BIN	KABLAM.BIN@0x021c
0x6b	0x5817	bin_handler_load_text_bank	verified	B	B	load_text_bank	-	13	CP2.BIN,DOME.BIN,FACE.BIN,FIRST.BIN,INTRO.BIN,MENU.BIN,OUTA.BIN,OUTB.BIN,OUTC.BIN,OUTD.BIN,OUTE.BIN,OUTF.BIN,OUTGL.BIN	INTRO.BIN@0x0000
0x6c	0x5690	bin_handler_rotate_palette_range	high	HHHH	HHHH	rotate_palette_range	3	40	COMBAT1.BIN,COMBAT2.BIN,COMBAT3.BIN,COMBAT4.BIN,COMBAT5.BIN,COMBAT6.BIN,COMBAT7.BIN,CP2.BIN,CP3.BIN,DHAL.BIN,FACE.BIN,INTRO.BIN,KABLAM.BIN,LOGO.BIN,POWER.BIN,ROOM1.BIN,ROOM2.BIN,ROOM4.BIN,TITLE.BIN	LOGO.BIN@0x025d
0x6d	0x5405	bin_handler_load_palette	verified	z	z	load_palette	-	5	AHAL.BIN,CP2.BIN,CP3.BIN,WIN.BIN	WIN.BIN@0x0648
0x6e	0x5431	bin_handler_start_primary_scene_thread_overlay	high	B	B	start_primary_scene_thread_overlay	-	0	-	-
0x6f	0x5117	bin_handler_wait_for_primary_scene_thread_overlay	high	-	-	wait_for_primary_scene_thread_overlay	-	0	-	-
0x70	0x4e16	bin_handler_unload_last_art	verified	-	-	unload_last_art	-	26	AHAL.BIN,BHAL.BIN,CHAL.BIN,CP1.BIN,CP2.BIN,DHAL.BIN,EHAL.BIN,FHAL.BIN,GHAL.BIN,GHALB.BIN,GHALS.BIN,ROOM3.BIN,ROOM4.BIN	CP2.BIN@0x1164
0x71	0x5726	bin_handler_load_bin_word_indirect	verified	HH	HH	load_bin_word_indirect	0,1	5	CP2.BIN	CP2.BIN@0x1136
0x72	0x5357	bin_handler_suspend_scene_thread	verified	-	-	suspend_scene_thread	-	126	AHAL.BIN,BHAL.BIN,CHAL.BIN,COMBAT1.BIN,COMBAT2.BIN,COMBAT3.BIN,COMBAT4.BIN,CP2.BIN,CP3.BIN,CULT.BIN,DENY.BIN,DHAL.BIN,EHAL.BIN,FEAR.BIN,FHAL.BIN,GHAL.BIN,GHALS.BIN,JELO.BIN,KABLAM.BIN,LAW.BIN,NAGE.BIN,POWER.BIN,RICH.BIN,ROOM4.BIN	KABLAM.BIN@0x01a6
0x73	0x45ac	bin_handler_jump_if_state_flag_clear	verified	BH	BH	jump_if_state_flag_clear	-	301	AHAL.BIN,BHAL.BIN,CHAL.BIN,COMBAT1.BIN,COMBAT2.BIN,COMBAT3.BIN,COMBAT4.BIN,COMBAT5.BIN,COMBAT7.BIN,CP1.BIN,CP3.BIN,CW1.BIN,CW2.BIN,CW3.BIN,CW4.BIN,CW5.BIN,CW6.BIN,DHAL.BIN,EHAL.BIN,FHAL.BIN,GANTRY.BIN,GHAL.BIN,GHALB.BIN,GHALS.BIN,NAGE.BIN,OUTA.BIN,OUTB.BIN,OUTC.BIN,OUTD.BIN,OUTE.BIN,OUTF.BIN,OUTGL.BIN,ROOM1.BIN,ROOM3.BIN	CP3.BIN@0x08fb
0x74	0x45d0	bin_handler_jump_if_state_flag_set	verified	BH	BH	jump_if_state_flag_set	-	355	AHAL.BIN,BHAL.BIN,CHAL.BIN,COMBAT1.BIN,COMBAT2.BIN,COMBAT3.BIN,COMBAT4.BIN,COMBAT5.BIN,COMBAT6.BIN,COMBAT7.BIN,CP2.BIN,CULT.BIN,CW1.BIN,CW2.BIN,CW3.BIN,CW4.BIN,CW5.BIN,CW6.BIN,DENY.BIN,DHAL.BIN,EHAL.BIN,FEAR.BIN,FHAL.BIN,GHAL.BIN,GHALB.BIN,GHALS.BIN,JELO.BIN,LAW.BIN,NAGE.BIN,OUTE.BIN,POWER.BIN,RICH.BIN,ROOM1.BIN,ROOM2.BIN,ROOM4.BIN	CP2.BIN@0x1433
0x75	0x45f0	bin_handler_clear_state_flag	verified	B	B	clear_state_flag	-	282	AHAL.BIN,BHAL.BIN,CHAL.BIN,COMBAT1.BIN,COMBAT2.BIN,COMBAT3.BIN,COMBAT4.BIN,COMBAT5.BIN,COMBAT7.BIN,CP1.BIN,CP2.BIN,CP3.BIN,CULT.BIN,CW1.BIN,CW2.BIN,CW3.BIN,CW4.BIN,CW5.BIN,CW6.BIN,DENY.BIN,DHAL.BIN,EHAL.BIN,FACE.BIN,FEAR.BIN,FHAL.BIN,GANTRY.BIN,GHAL.BIN,GHALB.BIN,GHALPL.BIN,GHALS.BIN,JELO.BIN,LAW.BIN,NAGE.BIN,OUTA.BIN,OUTB.BIN,OUTC.BIN,OUTD.BIN,OUTE.BIN,OUTF.BIN,OUTGL.BIN,OUTGR.BIN,OVER.BIN,POWER.BIN,RICH.BIN,ROBOT.BIN,ROOM1.BIN,ROOM2.BIN,ROOM3.BIN,ROOM4.BIN	OVER.BIN@0x02ab
0x76	0x45ff	bin_handler_set_state_flag	verified	B	B	set_state_flag	-	269	AHAL.BIN,BHAL.BIN,CHAL.BIN,COMBAT1.BIN,COMBAT2.BIN,COMBAT3.BIN,COMBAT4.BIN,COMBAT5.BIN,COMBAT7.BIN,CP1.BIN,CP2.BIN,CP3.BIN,CULT.BIN,CW1.BIN,CW2.BIN,CW3.BIN,CW4.BIN,CW5.BIN,CW6.BIN,DENY.BIN,DHAL.BIN,EHAL.BIN,FEAR.BIN,FHAL.BIN,FIRST.BIN,GANTRY.BIN,GHAL.BIN,JELO.BIN,LAW.BIN,NAGE.BIN,OUTA.BIN,OUTB.BIN,OUTC.BIN,OUTD.BIN,OUTE.BIN,OUTF.BIN,OUTGL.BIN,POWER.BIN,RICH.BIN,ROBOT.BIN,ROOM1.BIN,ROOM2.BIN,ROOM3.BIN,ROOM4.BIN	ROBOT.BIN@0x0434
0x77	0x461d	bin_handler_process_current_map_cell	verified	-	-	process_current_map_cell	-	111	AHAL.BIN,BHAL.BIN,CHAL.BIN,DHAL.BIN,EHAL.BIN,FHAL.BIN,FIRST.BIN,GHAL.BIN,GHALB.BIN,GHALS.BIN,OUTA.BIN,OUTB.BIN,OUTC.BIN,OUTD.BIN,OUTE.BIN,OUTF.BIN,OUTGL.BIN,OUTGR.BIN,POWER.BIN,ROOM1.BIN	FIRST.BIN@0x01ca
0x78	0x460e	bin_handler_load_map	verified	B	B	load_map	-	8	FIRST.BIN,OUTA.BIN,OUTB.BIN,OUTC.BIN,OUTD.BIN,OUTE.BIN,OUTF.BIN,OUTGL.BIN	FIRST.BIN@0x01af
0x79	0x46f2	bin_handler_clear_navigation_handlers	verified	-	-	clear_navigation_handlers	-	10	AHAL.BIN,BHAL.BIN,CHAL.BIN,DHAL.BIN,EHAL.BIN,FHAL.BIN,GHAL.BIN,GHALB.BIN,GHALS.BIN	GHALS.BIN@0x04d5
0x7a	0x5795	bin_handler_patch_bin_byte_from_variable	high	HH	HH	patch_bin_byte_from_variable	1	131	AHAL.BIN,BHAL.BIN,CHAL.BIN,COMBAT1.BIN,COMBAT2.BIN,COMBAT3.BIN,COMBAT4.BIN,COMBAT5.BIN,COMBAT6.BIN,COMBAT7.BIN,DHAL.BIN,EHAL.BIN,FHAL.BIN,GHAL.BIN,GHALB.BIN,GHALS.BIN,POWER.BIN,ROOM1.BIN,ROOM2.BIN,ROOM3.BIN,ROOM4.BIN	POWER.BIN@0x01a4
0x7b	0x4623	bin_handler_set_current_map_cell_kind	verified	H	H	set_current_map_cell_kind	0	30	AHAL.BIN,BHAL.BIN,CHAL.BIN,COMBAT1.BIN,COMBAT2.BIN,COMBAT3.BIN,COMBAT4.BIN,COMBAT5.BIN,COMBAT6.BIN,COMBAT7.BIN,DHAL.BIN,EHAL.BIN,FHAL.BIN,GHAL.BIN,GHALB.BIN,GHALS.BIN,POWER.BIN	POWER.BIN@0x0206
0x7c	0x469c	bin_handler_set_current_map_cell_parameter_a	verified	H	H	set_current_map_cell_parameter_a	0	5	COMBAT6.BIN,POWER.BIN,ROOM1.BIN	POWER.BIN@0x0214
0x7d	0x4672	bin_handler_configure_study_prompt	verified	BH	BH	configure_study_prompt	1	105	AHAL.BIN,BHAL.BIN,CHAL.BIN,COMBAT1.BIN,COMBAT2.BIN,COMBAT3.BIN,COMBAT4.BIN,COMBAT5.BIN,COMBAT7.BIN,CP2.BIN,CP3.BIN,CULT.BIN,DENY.BIN,DHAL.BIN,EHAL.BIN,FEAR.BIN,FHAL.BIN,GHAL.BIN,GHALB.BIN,GHALS.BIN,JELO.BIN,LAW.BIN,NAGE.BIN,OVER.BIN,POWER.BIN,RICH.BIN,ROOM1.BIN,ROOM2.BIN,ROOM4.BIN	OVER.BIN@0x02b2
0x7e	0x468c	bin_handler_blackout_palette	high	-	-	blackout_palette	-	73	AHAL.BIN,BHAL.BIN,CHAL.BIN,COMBAT1.BIN,COMBAT2.BIN,COMBAT3.BIN,COMBAT4.BIN,COMBAT5.BIN,COMBAT6.BIN,COMBAT7.BIN,DHAL.BIN,EHAL.BIN,FACE.BIN,FHAL.BIN,GHAL.BIN,GHALB.BIN,GHALPL.BIN,GHALPR.BIN,GHALS.BIN,NAGE.BIN,OUTA.BIN,OUTB.BIN,OUTC.BIN,OUTD.BIN,OUTE.BIN,OUTF.BIN,OUTGL.BIN,OUTGR.BIN,POWER.BIN,RICH.BIN,ROOM1.BIN,ROOM3.BIN,ROOM4.BIN	FACE.BIN@0x08dd
0x7f	0x46c7	bin_handler_set_current_map_cell_parameter_b	verified	H	H	set_current_map_cell_parameter_b	0	24	AHAL.BIN,BHAL.BIN,CHAL.BIN,DHAL.BIN,EHAL.BIN,FHAL.BIN,GHAL.BIN,GHALPL.BIN,GHALPR.BIN,NAGE.BIN,OUTGL.BIN,OUTGR.BIN	NAGE.BIN@0x10e3
0x80	0x4e80	bin_handler_jump_if_animation_active	high	BH	BH	jump_if_animation_active	-	55	COMBAT1.BIN,COMBAT2.BIN,COMBAT3.BIN,COMBAT4.BIN,COMBAT5.BIN,COMBAT7.BIN,GHALPL.BIN,GHALPR.BIN,OUTGL.BIN,OUTGR.BIN,RICH.BIN,ROOM4.BIN	RICH.BIN@0x1abd
0x81	0x4e73	bin_handler_reduce_faith	verified	H	H	reduce_faith	-	34	AHAL.BIN,BHAL.BIN,CHAL.BIN,COMBAT1.BIN,COMBAT2.BIN,COMBAT3.BIN,COMBAT4.BIN,COMBAT5.BIN,COMBAT7.BIN,DHAL.BIN,EHAL.BIN,FHAL.BIN,GHALS.BIN,POWER.BIN,ROOM1.BIN,ROOM3.BIN,ROOM4.BIN	POWER.BIN@0x0234
0x82	0x58f1	bin_handler_set_variable_random_modulo	high	HH	HH	set_variable_random_modulo	1	62	COMBAT1.BIN,COMBAT2.BIN,COMBAT3.BIN,COMBAT4.BIN,COMBAT5.BIN,COMBAT6.BIN,COMBAT7.BIN,FEAR.BIN,FHAL.BIN,LOGO.BIN,ROOM4.BIN	LOGO.BIN@0x01b8
0x83	0x57c6	bin_handler_copy_text_record_component_to_bin	verified	HBH	HBH	copy_text_record_component_to_bin	0	3	ROOM3.BIN	ROOM3.BIN@0x1768
0x84	0x56f9	bin_handler_load_bin_byte	verified	HH	HH	load_bin_byte	1	22	ROOM3.BIN,ROOM4.BIN	ROOM4.BIN@0x0307
0x85	0x55ec	bin_handler_hide_display_object	verified	B	B	hide_display_object	-	326	AHAL.BIN,BHAL.BIN,CHAL.BIN,COMBAT1.BIN,COMBAT2.BIN,COMBAT3.BIN,COMBAT6.BIN,DHAL.BIN,EHAL.BIN,FHAL.BIN,GHAL.BIN,GHALB.BIN,GHALS.BIN,NAGE.BIN,OUTE.BIN	NAGE.BIN@0x02d2
0x86	0x5604	bin_handler_show_display_object	verified	B	B	show_display_object	-	283	AHAL.BIN,BHAL.BIN,CHAL.BIN,COMBAT1.BIN,COMBAT2.BIN,COMBAT3.BIN,DHAL.BIN,EHAL.BIN,FHAL.BIN,GHAL.BIN,GHALB.BIN,GHALS.BIN,NAGE.BIN,OUTE.BIN	NAGE.BIN@0x138e
0x87	0x4696	bin_handler_normalize_map_cells	verified	-	-	normalize_map_cells	-	7	OUTA.BIN,OUTB.BIN,OUTC.BIN,OUTD.BIN,OUTE.BIN,OUTF.BIN,OUTGL.BIN	OUTF.BIN@0x014d
0x88	0x5861	bin_handler_clear_text_record_states	verified	-	-	clear_text_record_states	-	6	CW1.BIN,CW2.BIN,CW3.BIN,CW4.BIN,CW5.BIN,CW6.BIN	CW6.BIN@0x05a0
0x89	0x5883	bin_handler_mark_current_map_cell_explored	verified	-	-	mark_current_map_cell_explored	-	56	AHAL.BIN,BHAL.BIN,CHAL.BIN,CULT.BIN,DENY.BIN,DHAL.BIN,FEAR.BIN,FHAL.BIN,GHAL.BIN,GHALB.BIN,GHALS.BIN,JELO.BIN,LAW.BIN,NAGE.BIN,ROBOT.BIN,ROOM1.BIN,ROOM2.BIN,ROOM3.BIN,ROOM4.BIN	ROBOT.BIN@0x0456
0x8a	0x4ea6	bin_handler_jump_if_animation_finished	verified	BH	BH	jump_if_animation_finished	-	2	AHAL.BIN	AHAL.BIN@0x0a05
0x8b	0x5899	bin_handler_consume_random_text_record	high	-	-	consume_random_text_record	-	0	-	-
0x8c	0x4ed8	bin_handler_jump_if_no_combat	verified	H	H	jump_if_no_combat	-	3	POWER.BIN,ROOM4.BIN	POWER.BIN@0x01d7
0x8d	0x589f	bin_handler_jump_if_file_missing	verified	H	H	jump_if_file_missing	-	1	TITLE.BIN	TITLE.BIN@0x012c
0x8e	0x5905	bin_handler_sync_current_cell_flags_23_to_27	verified	-	-	sync_current_cell_flags_23_to_27	-	7	COMBAT1.BIN,COMBAT2.BIN,COMBAT3.BIN,COMBAT4.BIN,COMBAT5.BIN,COMBAT7.BIN,OUTE.BIN	COMBAT7.BIN@0x0c32
0x8f	0x491c	bin_handler_and_variables	high	HH	HH	and_variables	0,1	0	-	-
0x90	0x493b	bin_handler_and_variable	high	HH	HH	and_variable	1	0	-	-
0x91	0x5971	bin_handler_set_variable_current_cell_byte_modulo	verified	HH	HH	set_variable_current_cell_byte_modulo	1	1	ROOM3.BIN	ROOM3.BIN@0x169b
